session,case,bytes,astral_email_ns,mailparse_ns,speedup,astral_email_p10_ns,astral_email_p90_ns,mailparse_p10_ns,mailparse_p90_ns
1,maturin-1.4.0-py3-none-any.whl.maturin-1.4.0.dist-info__METADATA-resolution,1177,1532.533,6647.106,4.337,1509.214,1548.631,6588.448,6758.854
1,maturin-1.4.0-py3-none-any.whl.maturin-1.4.0.dist-info__METADATA-publish,1177,3003.845,13441.641,4.475,2942.352,3074.618,13336.960,13842.393
1,maturin-1.4.0-py3-none-any.whl.maturin-1.4.0.dist-info__WHEEL-wheel,147,578.569,1408.777,2.435,563.767,643.348,1374.503,1442.485
1,tqdm-4.66.1-py3-none-manylinux_2_12_x86_64.manylinux2010_x86_64.musllinux_1_1_x86_64.whl.tqdm-4.66.1.dist-info__METADATA-resolution,3633,4022.191,18258.586,4.539,3979.389,4149.900,18169.110,18397.062
1,tqdm-4.66.1-py3-none-manylinux_2_12_x86_64.manylinux2010_x86_64.musllinux_1_1_x86_64.whl.tqdm-4.66.1.dist-info__METADATA-publish,3633,9942.163,41631.686,4.187,9846.767,10012.633,41437.424,41921.551
1,tqdm-4.66.1-py3-none-manylinux_2_12_x86_64.manylinux2010_x86_64.musllinux_1_1_x86_64.whl.tqdm-4.66.1.dist-info__WHEEL-wheel,92,572.438,1212.558,2.118,568.961,574.443,1206.269,1219.913
1,black-24.8.0.PKG-INFO-resolution,78181,3200.090,12558.753,3.925,3154.443,3266.595,12484.172,12739.037
1,black-24.8.0.PKG-INFO-publish,78181,13888.103,36089.833,2.599,12072.012,14505.041,30266.532,39140.444
2,maturin-1.4.0-py3-none-any.whl.maturin-1.4.0.dist-info__METADATA-resolution,1177,1502.363,6551.618,4.361,1480.762,1893.958,6458.848,7979.413
2,maturin-1.4.0-py3-none-any.whl.maturin-1.4.0.dist-info__METADATA-publish,1177,2994.084,13388.845,4.472,2951.629,3135.068,13321.638,13560.110
2,maturin-1.4.0-py3-none-any.whl.maturin-1.4.0.dist-info__WHEEL-wheel,147,553.430,1363.464,2.464,547.205,599.817,1350.832,1438.359
2,tqdm-4.66.1-py3-none-manylinux_2_12_x86_64.manylinux2010_x86_64.musllinux_1_1_x86_64.whl.tqdm-4.66.1.dist-info__METADATA-resolution,3633,3977.102,18212.082,4.579,3926.178,4164.642,18030.281,18314.708
2,tqdm-4.66.1-py3-none-manylinux_2_12_x86_64.manylinux2010_x86_64.musllinux_1_1_x86_64.whl.tqdm-4.66.1.dist-info__METADATA-publish,3633,9986.243,41825.752,4.188,9933.308,10122.676,41501.347,42139.645
2,tqdm-4.66.1-py3-none-manylinux_2_12_x86_64.manylinux2010_x86_64.musllinux_1_1_x86_64.whl.tqdm-4.66.1.dist-info__WHEEL-wheel,92,581.460,1191.224,2.049,576.620,584.888,1184.110,1196.296
2,black-24.8.0.PKG-INFO-resolution,78181,3319.307,12605.896,3.798,3286.606,3344.170,12521.822,12666.443
2,black-24.8.0.PKG-INFO-publish,78181,11265.275,28903.080,2.566,10832.901,11478.334,28590.954,29315.868
3,maturin-1.4.0-py3-none-any.whl.maturin-1.4.0.dist-info__METADATA-resolution,1177,1505.663,6506.388,4.321,1490.928,1559.799,6462.819,6672.871
3,maturin-1.4.0-py3-none-any.whl.maturin-1.4.0.dist-info__METADATA-publish,1177,3006.931,13427.240,4.465,2986.005,3032.170,13343.025,13479.548
3,maturin-1.4.0-py3-none-any.whl.maturin-1.4.0.dist-info__WHEEL-wheel,147,551.782,1365.573,2.475,547.317,555.225,1359.175,1373.507
3,tqdm-4.66.1-py3-none-manylinux_2_12_x86_64.manylinux2010_x86_64.musllinux_1_1_x86_64.whl.tqdm-4.66.1.dist-info__METADATA-resolution,3633,3972.414,18159.143,4.571,3904.363,4041.885,18032.800,18468.257
3,tqdm-4.66.1-py3-none-manylinux_2_12_x86_64.manylinux2010_x86_64.musllinux_1_1_x86_64.whl.tqdm-4.66.1.dist-info__METADATA-publish,3633,10090.850,41804.108,4.143,9992.365,10189.876,41626.192,42098.650
3,tqdm-4.66.1-py3-none-manylinux_2_12_x86_64.manylinux2010_x86_64.musllinux_1_1_x86_64.whl.tqdm-4.66.1.dist-info__WHEEL-wheel,92,569.990,1188.225,2.085,567.625,574.704,1183.601,1193.142
3,black-24.8.0.PKG-INFO-resolution,78181,3301.098,12640.692,3.829,3260.387,3323.518,12557.740,12840.226
3,black-24.8.0.PKG-INFO-publish,78181,11377.879,29796.538,2.619,10794.286,11818.566,28748.803,31004.329
