allocator,case,baseline_ns,candidate_ns,change_percent,baseline_repeat_range_percent,control_change_percent
system,backcall-0.2.0.WHEEL-wheel-metadata-extraction,643.275,664.428,3.2883292526524555,2.1061750284734115,1.2846760716645367
system,backcall-0.2.0.METADATA-dependency-metadata-extraction,529.317,555.493,4.9452407536504595,0.6521173393308599,-0.28678466778887524
system,backcall-0.2.0.METADATA-publication-metadata-extraction,1623.544,1665.667,2.594509295713565,0.5189976756962977,-0.9179917513784663
system,six-1.16.0.METADATA-dependency-metadata-extraction,761.309,811.193,6.552398566153816,1.0834708592584619,-0.4175702638481882
system,six-1.16.0.METADATA-publication-metadata-extraction,2153.336,2160.175,0.3176002258820976,4.531626141308154,-2.9135258036832035
system,six-1.16.0.WHEEL-wheel-metadata-extraction,639.96,677.058,5.796924807800474,1.1278348259639692,1.3213325832864609
system,packaging-26.3.WHEEL-wheel-metadata-extraction,561.298,583.754,4.000726886609263,2.0078266966189195,0.19312379520324274
system,packaging-26.3.METADATA-dependency-metadata-extraction,1033.875,1054.661,2.010494498851423,0.8698821220563202,-0.15311328738968344
system,packaging-26.3.METADATA-publication-metadata-extraction,3496.838,3496.363,-0.01358370047455093,1.8690059602871845,1.3008323519705378
system,requests-2.32.3.METADATA-dependency-metadata-extraction,2099.837,2184.313,4.022978926459531,2.5508905638999657,-0.7571063849241666
system,requests-2.32.3.METADATA-publication-metadata-extraction,5174.749,5159.426,-0.2961109804552775,2.234793762077314,-1.501309532114492
system,requests-2.32.3.WHEEL-wheel-metadata-extraction,570.626,596.655,4.561481600908479,2.189009474101211,-0.8504694843908145
system,black-24.8.0.METADATA-dependency-metadata-extraction,2855.906,3007.506,5.308297962187836,0.7264759016303746,-0.3869875269003953
system,black-24.8.0.METADATA-publication-metadata-extraction,10702.188,9353.862,-12.598601332736825,0.7724005234797993,1.0079060468756618
system,black-24.8.0.WHEEL-wheel-metadata-extraction,557.259,587.768,5.474833066850415,0.9433775436537228,1.217566696993666
system,setuptools-75.1.0.METADATA-dependency-metadata-extraction,8104.049,8533.487,5.299054830492755,0.4868235737633064,-0.5436788449823093
system,setuptools-75.1.0.METADATA-publication-metadata-extraction,11254.903,11888.494,5.629466553376794,2.38401553179326,-1.391038199085315
system,setuptools-75.1.0.WHEEL-wheel-metadata-extraction,568.665,592.845,4.25206404473637,0.8859765202069214,-0.5031081568234397
system,numpy-2.1.2.WHEEL-wheel-metadata-extraction,535.228,546.44,2.094808193891229,0.5876080410311957,-0.07548185072530078
system,numpy-2.1.2.METADATA-dependency-metadata-extraction,9724.258,9679.143,-0.4639428530176737,1.0320131171298819,0.23823925691810466
system,numpy-2.1.2.METADATA-publication-metadata-extraction,30155.438,30693.59,1.7845935449519956,0.2814584949161425,0.34466751900603665
system,pandas-2.2.3.WHEEL-wheel-metadata-extraction,534.536,553.853,3.6137884071419046,0.5117795595844132,-0.4211128904320738
system,pandas-2.2.3.METADATA-dependency-metadata-extraction,24833.867,25457.349,2.5106118189325954,3.0686417342814964,1.8527923983808092
system,pandas-2.2.3.METADATA-publication-metadata-extraction,52578.76,53848.165,2.4142923872681576,1.4862064377968887,0.5086084190650375
system,apache-airflow-2.10.2.METADATA-dependency-metadata-extraction,77585.53,82507.493,6.34391876938909,1.4269397798634786,1.3513383230094655
system,apache-airflow-2.10.2.METADATA-publication-metadata-extraction,90596.676,94791.517,4.6302372064953135,2.2283006001996952,-0.23211889142599196
system,apache-airflow-2.10.2.WHEEL-wheel-metadata-extraction,556.252,579.997,4.268748696633895,1.5507253944788468,1.226422556682949
system,requests-2.32.3.PKG-INFO-dependency-metadata-extraction,2081.883,2157.674,3.6405023721313823,1.7747265859461292,-0.44027450149695113
system,requests-2.32.3.PKG-INFO-publication-metadata-extraction,5146.361,5245.061,1.917860017981643,2.8459808049792645,3.069761332327836
jemalloc,backcall-0.2.0.WHEEL-wheel-metadata-extraction,602.556,592.258,-1.7090527685393542,0.7176231100543662,0.4621977044457326
jemalloc,backcall-0.2.0.METADATA-dependency-metadata-extraction,513.933,515.146,0.23602298354064022,1.406670137027044,0.2652096674080173
jemalloc,backcall-0.2.0.METADATA-publication-metadata-extraction,1433.564,1438.319,0.3316908069677993,0.8697120129672387,-0.4799925221336543
jemalloc,six-1.16.0.METADATA-dependency-metadata-extraction,714.064,722.593,1.1944307513052088,1.0324878241040558,0.29115037307581026
jemalloc,six-1.16.0.METADATA-publication-metadata-extraction,1863.193,1882.636,1.0435311854434914,0.741721797303585,-0.1518361221838016
jemalloc,six-1.16.0.WHEEL-wheel-metadata-extraction,601.371,584.435,-2.8162315775120628,7.305573303271884,-0.002494300523303572
jemalloc,packaging-26.3.WHEEL-wheel-metadata-extraction,535.519,505.7,-5.568243143567275,0.7583293524789037,-0.028570414868567262
jemalloc,packaging-26.3.METADATA-dependency-metadata-extraction,979.279,991.114,1.2085422029881165,3.5667908516493263,0.5309007953810951
jemalloc,packaging-26.3.METADATA-publication-metadata-extraction,2912.11,2935.155,0.7913506014539218,3.9310132603984416,-1.0694994351174936
jemalloc,requests-2.32.3.METADATA-dependency-metadata-extraction,1865.974,1895.584,1.5868388305517733,3.9305123596956593,-0.016881264154799958
jemalloc,requests-2.32.3.METADATA-publication-metadata-extraction,4147.325,4241.845,2.2790593937055847,3.47578178304635,-1.4690674109214874
jemalloc,requests-2.32.3.WHEEL-wheel-metadata-extraction,539.006,505.268,-6.2592995254227235,2.7090973839404286,-0.41966137668225656
jemalloc,black-24.8.0.METADATA-dependency-metadata-extraction,2600.505,2654.352,2.07063628026094,3.783430526385634,-0.6395680838913953
jemalloc,black-24.8.0.METADATA-publication-metadata-extraction,10148.4,10401.081,2.4898604706160565,1.0281346033565564,-1.5686413621851636
jemalloc,black-24.8.0.WHEEL-wheel-metadata-extraction,535.751,499.781,-6.713939871320818,0.4083850059009908,-0.7397093052556092
jemalloc,setuptools-75.1.0.METADATA-dependency-metadata-extraction,6791.575,7096.251,4.486087542285855,3.4596528342255795,-1.7990966749244497
jemalloc,setuptools-75.1.0.METADATA-publication-metadata-extraction,9062.897,9260.145,2.176434312339648,4.192856430766789,-0.2666696973385174
jemalloc,setuptools-75.1.0.WHEEL-wheel-metadata-extraction,532.385,504.805,-5.180461508119116,2.5245655255072386,-0.8033659851423347
jemalloc,numpy-2.1.2.WHEEL-wheel-metadata-extraction,536.855,496.375,-7.540211043950418,2.085283118152259,-0.7530897542166848
jemalloc,numpy-2.1.2.METADATA-dependency-metadata-extraction,10258.115,9188.82,-10.423893668573614,3.4395649005424023,-0.24981197812659062
jemalloc,numpy-2.1.2.METADATA-publication-metadata-extraction,30574.232,29509.073,-3.483845481384451,3.0628632179350745,-0.2000410018475729
jemalloc,pandas-2.2.3.WHEEL-wheel-metadata-extraction,534.962,498.004,-6.908528082368459,2.849569001983454,-0.7103308272363162
jemalloc,pandas-2.2.3.METADATA-dependency-metadata-extraction,22693.82,22206.988,-2.145218389852388,0.841884073369803,-0.41717084210590727
jemalloc,pandas-2.2.3.METADATA-publication-metadata-extraction,50256.122,50224.552,-0.06281821745020011,2.4533265030889817,-0.7000480458878244
jemalloc,apache-airflow-2.10.2.METADATA-dependency-metadata-extraction,64265.488,66956.958,4.188048801558941,2.319400577476749,-0.5785982672379286
jemalloc,apache-airflow-2.10.2.METADATA-publication-metadata-extraction,74109.074,76359.896,3.037174638020712,1.468467301058607,-0.21167988146768568
jemalloc,apache-airflow-2.10.2.WHEEL-wheel-metadata-extraction,531.321,503.942,-5.153005433626756,0.9753904975762229,0.5998257174099964
jemalloc,requests-2.32.3.PKG-INFO-dependency-metadata-extraction,1868.63,1904.617,1.9258494190931286,1.7527448446853278,-0.3852555080460007
jemalloc,requests-2.32.3.PKG-INFO-publication-metadata-extraction,4124.731,4217.98,2.2607292451313654,1.9160168471602956,-0.8396668776703198
