allocator,case,baseline_ns,candidate_ns,change_percent,baseline_repeat_range_percent
system,latin1-ascii-short,575.543,579.541,0.6946483581591778,3.4062498913379757
system,latin1-ascii-long,23193.908,23331.421,0.592884131471072,3.789802947170706
system,latin1-non-ascii-short,695.808,692.313,-0.5022937362030966,21.460684193289058
system,latin1-non-ascii-long,29938.512,29629.415,-1.0324394211709609,1.5228307604249869
system,cp1252-special-short,693.403,629.37,-9.234600946347216,1.5431008562078796
system,cp1252-special-long,26992.563,24700.544,-8.491298140158076,2.9270102402705778
system,utf16-native-bom-short,1091.123,1087.683,-0.31527151384399543,2.82593643947866
system,utf16-native-bom-long,48609.097,49617.064,2.073618030797819,2.653611321967908
system,utf16-le-short,1141.464,1091.332,-4.39190373064765,0.6967311366985474
system,utf16-le-long,50720.927,51442.568,1.4227677660544336,1.1786518054284656
system,utf16-be-short,1140.216,1102.855,-3.2766598609386133,3.343306330971796
system,utf16-be-long,51112.698,51112.552,-0.00028564330529778914,1.4883506570766647
system,cp1252-invalid,1117.584,858.847,-23.15145886125787,5.185541908392466
system,utf16-le-malformed,602.09,539.13,-10.456908435615942,7.196504187761299
system,utf16-be-malformed,597.934,534.989,-10.527081584255104,6.282040767823571
jemalloc,latin1-ascii-short,582.056,559.455,-3.8829597152164053,1.2886450604826516
jemalloc,latin1-ascii-long,23368.865,22939.384,-1.8378342294330663,1.1574271655753643
jemalloc,latin1-non-ascii-short,741.393,715.084,-3.548590288821185,0.7287420865492944
jemalloc,latin1-non-ascii-long,30740.459,29712.195,-3.344985837719594,1.0060372434642195
jemalloc,cp1252-special-short,716.935,640.009,-10.729843012267493,1.3870355378130084
jemalloc,cp1252-special-long,27898.245,24568.001,-11.937109305621195,0.4043824783377392
jemalloc,utf16-native-bom-short,1138.257,1082.26,-4.919539260465788,0.87608301288844
jemalloc,utf16-native-bom-long,47747.528,49661.854,4.009267244159731,2.2536561905045716
jemalloc,utf16-le-short,1181.794,1112.332,-5.8776741124087595,3.54829688848719
jemalloc,utf16-le-long,49115.746,50672.183,3.168916542568656,1.3870176940540047
jemalloc,utf16-be-short,1173.721,1105.528,-5.8099838036466895,1.0501452987921711
jemalloc,utf16-be-long,48560.556,50535.838,4.06766759425079,1.006677293557301
jemalloc,cp1252-invalid,1151.616,838.846,-27.159226686673332,1.216254083623558
jemalloc,utf16-le-malformed,619.994,555.451,-10.410262034793883,1.0859913607682792
jemalloc,utf16-be-malformed,626.887,557.753,-11.028143828154025,0.6385316979648836
