# Supplemental synthetic RFC2047 decoded_value; parse/setup excluded, output destruction included
# samples=31 sample_ms=20 warmup_ms=100
case,input_bytes,output_bytes,median_ns,p10_ns,p90_ns
latin1-ascii-short,51,22,577.273,575.127,582.135
latin1-ascii-long,3211,1597,23173.726,23116.710,23276.774
latin1-non-ascii-short,55,31,737.984,730.161,741.959
latin1-non-ascii-long,3711,2173,30588.132,30429.976,30878.763
cp1252-special-short,49,33,716.935,713.913,727.243
cp1252-special-long,3187,2301,27987.817,27880.965,28239.364
utf16-native-bom-short,95,26,1137.221,1133.536,1153.325
utf16-native-bom-long,6207,1853,47610.279,47449.566,48026.081
utf16-le-short,101,26,1155.033,1152.857,1161.949
utf16-le-long,6540,1853,48622.379,48524.963,48882.325
utf16-be-short,101,26,1161.744,1158.945,1172.635
utf16-be-long,6540,1853,48560.556,48439.741,48727.893
cp1252-invalid,65,86,1149.102,1145.209,1170.100
utf16-le-malformed,38,14,619.994,617.875,626.451
utf16-be-malformed,38,14,626.887,622.514,656.774
