case,kind,bytes,system_1_astral_email_ns,system_1_mailparse_ns,system_1_speedup,system_1_astral_email_p10_ns,system_1_astral_email_p90_ns,system_1_mailparse_p10_ns,system_1_mailparse_p90_ns,system_2_astral_email_ns,system_2_mailparse_ns,system_2_speedup,system_2_astral_email_p10_ns,system_2_astral_email_p90_ns,system_2_mailparse_p10_ns,system_2_mailparse_p90_ns,jemalloc_1_astral_email_ns,jemalloc_1_mailparse_ns,jemalloc_1_speedup,jemalloc_1_astral_email_p10_ns,jemalloc_1_astral_email_p90_ns,jemalloc_1_mailparse_p10_ns,jemalloc_1_mailparse_p90_ns,jemalloc_2_astral_email_ns,jemalloc_2_mailparse_ns,jemalloc_2_speedup,jemalloc_2_astral_email_p10_ns,jemalloc_2_astral_email_p90_ns,jemalloc_2_mailparse_p10_ns,jemalloc_2_mailparse_p90_ns,astral-email_allocations,astral-email_reallocations,astral-email_bytes_allocated,astral-email_bytes_reallocated,mailparse_allocations,mailparse_reallocations,mailparse_bytes_allocated,mailparse_bytes_reallocated
abi3_package-1.0.0-cp37-abi3-manylinux_2_17_x86_64.whl.abi3_package-1.0.0.dist-info__METADATA-resolution,resolution,130,551,1311,2.379,546,573,1292,1344,524,1266,2.418,521,528,1259,1286,505,1145,2.269,497,536,1100,1263,492,1096,2.226,488,495,1091,1105,8,1,710,128,17,1,1652,128
abi3_package-1.0.0-cp37-abi3-manylinux_2_17_x86_64.whl.abi3_package-1.0.0.dist-info__METADATA-publish,publish,130,986,2557,2.594,979,1014,2540,2633,939,2479,2.641,935,944,2464,2493,1031,2353,2.282,1006,1091,2317,2560,988,2291,2.319,982,997,2265,2311,12,1,1474,128,27,1,3045,128
abi3_package-1.0.0-cp37-abi3-manylinux_2_17_x86_64.whl.abi3_package-1.0.0.dist-info__WHEEL-wheel,wheel,95,660,1290,1.955,654,666,1257,1327,640,1258,1.965,636,644,1240,1282,611,1108,1.814,600,642,1072,1159,597,1064,1.782,592,600,1060,1068,15,0,1215,0,27,0,2763,0
basic_app-0.1.0-py3-none-any.whl.basic_app-0.1.0.dist-info__METADATA-resolution,resolution,231,609,1677,2.752,605,614,1666,1699,601,1669,2.779,593,606,1662,1680,584,1558,2.668,558,623,1517,1649,568,1507,2.653,559,586,1491,1533,8,1,708,128,17,1,1649,128
basic_app-0.1.0-py3-none-any.whl.basic_app-0.1.0.dist-info__METADATA-publish,publish,231,1367,3880,2.838,1339,1429,3801,4015,1321,3800,2.876,1312,1328,3788,3865,1268,3495,2.757,1257,1361,3470,3809,1278,3497,2.736,1269,1293,3482,3529,18,1,1811,128,42,1,4317,128
basic_app-0.1.0-py3-none-any.whl.basic_app-0.1.0.dist-info__WHEEL-wheel,wheel,79,696,1228,1.764,688,718,1214,1269,667,1183,1.775,661,669,1176,1191,591,1008,1.706,580,639,993,1074,626,1014,1.620,616,633,1005,1024,15,0,1200,0,27,0,2745,0
basic_package-0.1.0-py3-none-any.whl.basic_package-0.1.0.dist-info__METADATA-resolution,resolution,235,644,1750,2.716,638,664,1738,1812,618,1695,2.743,613,629,1680,1729,585,1518,2.593,577,627,1494,1609,590,1497,2.536,585,613,1485,1568,8,1,712,128,17,1,1653,128
basic_package-0.1.0-py3-none-any.whl.basic_package-0.1.0.dist-info__METADATA-publish,publish,235,1430,4086,2.858,1382,1785,3952,4355,1332,3844,2.885,1320,1340,3826,3866,1311,3619,2.760,1285,1385,3520,3929,1302,3573,2.745,1294,1309,3560,3624,18,1,1815,128,42,1,4321,128
basic_package-0.1.0-py3-none-any.whl.basic_package-0.1.0.dist-info__WHEEL-wheel,wheel,78,689,1231,1.788,675,706,1221,1260,664,1193,1.798,655,671,1184,1202,595,1036,1.742,592,611,1020,1066,606,1011,1.667,604,614,1001,1023,15,0,1199,0,27,0,2744,0
basic_package-0.1.0.tar.gz.basic_package-0.1.0__PKG-INFO-resolution,resolution,235,640,1754,2.740,628,677,1722,1798,618,1693,2.738,610,622,1669,1708,590,1526,2.587,578,606,1495,1560,587,1492,2.544,581,593,1485,1513,8,1,712,128,17,1,1653,128
basic_package-0.1.0.tar.gz.basic_package-0.1.0__PKG-INFO-publish,publish,235,1391,3958,2.846,1371,1440,3882,4108,1331,3838,2.883,1323,1347,3826,3861,1319,3673,2.784,1288,1356,3535,3753,1299,3570,2.747,1290,1309,3547,3594,18,1,1815,128,42,1,4321,128
build_tag-1.0.0-1-py2.py3-none-any.whl.build_tag-1.0.0.dist-info__METADATA-resolution,resolution,53,332,683,2.054,324,343,656,697,324,661,2.037,321,327,658,665,295,581,1.970,290,307,573,652,303,586,1.933,300,306,580,594,6,0,478,0,12,0,1105,0
build_tag-1.0.0-1-py2.py3-none-any.whl.build_tag-1.0.0.dist-info__METADATA-publish,publish,53,676,1406,2.079,661,700,1367,1465,659,1372,2.082,653,662,1367,1384,660,1303,1.975,650,698,1293,1347,663,1299,1.959,658,674,1290,1324,8,0,1105,0,17,0,2049,0
build_tag-1.0.0-1-py2.py3-none-any.whl.build_tag-1.0.0.dist-info__WHEEL-wheel,wheel,105,851,1565,1.839,836,873,1524,1607,819,1511,1.845,810,827,1501,1520,750,1273,1.697,744,770,1264,1309,780,1290,1.653,775,791,1285,1301,17,1,1350,128,32,1,3279,128
build_tag-1.0.0-3-py2.py3-none-any.whl.build_tag-1.0.0.dist-info__METADATA-resolution,resolution,53,333,682,2.049,323,345,670,713,323,659,2.036,320,328,655,666,295,581,1.970,291,310,566,999,304,588,1.935,302,306,584,593,6,0,478,0,12,0,1105,0
build_tag-1.0.0-3-py2.py3-none-any.whl.build_tag-1.0.0.dist-info__METADATA-publish,publish,53,679,1414,2.082,672,704,1397,1466,657,1369,2.083,653,663,1364,1374,655,1302,1.987,649,661,1290,1312,660,1308,1.980,657,665,1300,1315,8,0,1105,0,17,0,2049,0
build_tag-1.0.0-3-py2.py3-none-any.whl.build_tag-1.0.0.dist-info__WHEEL-wheel,wheel,105,855,1583,1.851,827,871,1552,1614,821,1515,1.844,815,827,1507,1523,750,1276,1.702,738,759,1268,1284,782,1290,1.650,775,787,1282,1302,17,1,1350,128,32,1,3279,128
build_tag-1.0.0-5-py2.py3-none-any.whl.build_tag-1.0.0.dist-info__METADATA-resolution,resolution,53,335,680,2.028,328,355,657,706,324,661,2.040,323,327,657,667,293,583,1.985,291,296,580,586,303,587,1.935,301,306,582,592,6,0,478,0,12,0,1105,0
build_tag-1.0.0-5-py2.py3-none-any.whl.build_tag-1.0.0.dist-info__METADATA-publish,publish,53,682,1426,2.092,662,731,1397,1551,658,1367,2.079,654,662,1363,1375,658,1305,1.984,654,665,1297,1351,659,1293,1.963,656,671,1286,1343,8,0,1105,0,17,0,2049,0
build_tag-1.0.0-5-py2.py3-none-any.whl.build_tag-1.0.0.dist-info__WHEEL-wheel,wheel,105,871,1590,1.825,843,942,1543,1684,824,1517,1.840,815,834,1509,1526,752,1277,1.699,745,758,1264,1296,778,1281,1.647,774,785,1276,1405,17,1,1350,128,32,1,3279,128
bz2-1.0.0.tar.bz2.bz2-1.0.0__PKG-INFO-resolution,resolution,70,437,972,2.224,422,453,939,997,404,888,2.199,401,407,883,892,381,810,2.126,379,385,798,820,386,810,2.099,384,389,802,814,8,0,573,0,17,0,1520,0
bz2-1.0.0.tar.bz2.bz2-1.0.0__PKG-INFO-publish,publish,70,773,1912,2.475,756,805,1886,1991,745,1851,2.485,742,748,1845,1882,748,1750,2.339,743,755,1733,1776,750,1743,2.324,746,755,1737,1750,10,0,1200,0,22,0,2464,0
cpython_package-1.0.0-cp314-cp314-manylinux_2_17_x86_64.whl.cpython_package-1.0.0.dist-info__METADATA-resolution,resolution,95,356,858,2.409,351,367,832,898,353,862,2.445,349,356,858,867,329,757,2.301,326,331,753,761,332,759,2.290,330,335,756,765,6,0,484,0,12,0,1111,0
cpython_package-1.0.0-cp314-cp314-manylinux_2_17_x86_64.whl.cpython_package-1.0.0.dist-info__METADATA-publish,publish,95,805,1926,2.391,783,837,1875,1996,776,1877,2.419,773,781,1869,1892,783,1737,2.218,777,788,1732,1750,781,1736,2.223,777,789,1727,1767,10,0,1233,0,22,0,2489,0
cpython_package-1.0.0-cp314-cp314-manylinux_2_17_x86_64.whl.cpython_package-1.0.0.dist-info__WHEEL-wheel,wheel,97,655,1261,1.926,638,673,1233,1296,640,1235,1.930,636,643,1223,1244,588,1063,1.809,583,596,1058,1071,586,1063,1.815,583,589,1060,1073,15,0,1217,0,27,0,2765,0
extras-0.0.1.tar.gz.extras-0.0.1__PKG-INFO-resolution,resolution,70,428,949,2.219,418,439,923,985,412,933,2.262,411,416,922,942,387,804,2.077,382,391,798,816,389,807,2.073,387,392,804,811,8,0,574,0,17,0,1592,0
extras-0.0.1.tar.gz.extras-0.0.1__PKG-INFO-publish,publish,70,772,1869,2.423,755,789,1834,1908,750,1838,2.451,746,754,1828,1846,747,1723,2.306,745,753,1711,1744,751,1726,2.297,746,770,1717,1745,10,0,1201,0,22,0,2536,0
extras-0.0.1.tar.gz.extras-0.0.1__extras.egg-info__PKG-INFO-resolution,resolution,70,425,940,2.212,414,441,915,971,412,926,2.248,410,415,922,931,383,800,2.091,379,386,793,814,388,807,2.079,386,390,801,815,8,0,574,0,17,0,1592,0
extras-0.0.1.tar.gz.extras-0.0.1__extras.egg-info__PKG-INFO-publish,publish,70,759,1891,2.492,750,878,1833,2385,751,1834,2.440,746,754,1825,1849,749,1711,2.284,746,754,1705,1718,750,1726,2.301,748,760,1716,1735,10,0,1201,0,22,0,2536,0
extras-0.0.2.tar.gz.extras-0.0.2__PKG-INFO-resolution,resolution,70,425,963,2.267,413,452,917,1029,413,925,2.243,410,415,921,932,380,810,2.132,378,383,798,814,389,808,2.077,385,392,803,822,8,0,574,0,17,0,1592,0
extras-0.0.2.tar.gz.extras-0.0.2__PKG-INFO-publish,publish,70,798,1967,2.464,768,914,1890,2190,749,1832,2.446,746,753,1819,1842,750,1714,2.284,747,755,1708,1724,756,1726,2.282,751,761,1719,1740,10,0,1201,0,22,0,2536,0
extras-0.0.2.tar.gz.extras-0.0.2__extras.egg-info__PKG-INFO-resolution,resolution,70,423,951,2.249,409,441,921,992,412,929,2.254,409,414,923,940,380,796,2.093,377,384,792,806,390,808,2.071,387,393,803,815,8,0,574,0,17,0,1592,0
extras-0.0.2.tar.gz.extras-0.0.2__extras.egg-info__PKG-INFO-publish,publish,70,773,1894,2.451,757,791,1844,1949,750,1833,2.445,745,754,1825,1841,747,1721,2.304,744,752,1711,1737,756,1724,2.282,751,759,1717,1733,10,0,1201,0,22,0,2536,0
maturin-1.4.0-py3-none-any.whl.maturin-1.4.0.dist-info__METADATA-resolution,resolution,1177,1675,6490,3.875,1648,1722,6410,6707,1683,6463,3.841,1663,1824,6436,6572,1569,5798,3.695,1554,1581,5782,5823,1591,5876,3.694,1574,1610,5863,5906,15,3,1778,896,39,3,4646,896
maturin-1.4.0-py3-none-any.whl.maturin-1.4.0.dist-info__METADATA-publish,publish,1177,4270,13440,3.148,4246,4309,13355,13589,4294,13492,3.142,4268,4326,13426,13559,3720,12168,3.271,3705,3745,12100,12249,3741,12218,3.266,3719,3766,12168,12321,41,3,3975,896,113,3,12416,896
maturin-1.4.0-py3-none-any.whl.maturin-1.4.0.dist-info__WHEEL-wheel,wheel,147,727,1437,1.976,718,737,1421,1458,726,1450,1.997,715,732,1436,1460,661,1221,1.847,656,669,1216,1234,689,1235,1.793,683,696,1230,1245,15,0,1267,0,27,0,2811,0
maturin-2.0.0-py3-none-linux_x86_64.whl.maturin-2.0.0.dist-info__METADATA-resolution,resolution,1177,1666,6523,3.916,1649,1682,6500,6562,1656,6530,3.944,1641,1673,6485,6606,1563,5844,3.739,1552,1584,5798,6318,1564,5873,3.755,1552,1581,5849,5890,15,3,1778,896,39,3,4646,896
maturin-2.0.0-py3-none-linux_x86_64.whl.maturin-2.0.0.dist-info__METADATA-publish,publish,1177,4278,13532,3.163,4246,4320,13436,13626,4261,13575,3.186,4211,4303,13425,13696,3706,12072,3.258,3670,3765,12030,12304,3737,12155,3.253,3716,3759,12131,12229,41,3,3975,896,113,3,12416,896
maturin-2.0.0-py3-none-linux_x86_64.whl.maturin-2.0.0.dist-info__WHEEL-wheel,wheel,96,688,1314,1.909,682,697,1300,1337,694,1308,1.883,689,700,1304,1321,600,1060,1.768,595,650,1050,1121,628,1063,1.693,621,635,1060,1088,15,0,1216,0,27,0,2760,0
multi_abi_package-1.0.0-cp314-cp314t.abi3-manylinux_2_17_x86_64.whl.multi_abi_package-1.0.0.dist-info__METADATA-resolution,resolution,106,351,885,2.525,348,353,879,901,351,903,2.577,346,354,899,908,325,786,2.417,323,327,782,791,333,799,2.396,332,337,793,802,6,0,486,0,12,0,1113,0
multi_abi_package-1.0.0-cp314-cp314t.abi3-manylinux_2_17_x86_64.whl.multi_abi_package-1.0.0.dist-info__METADATA-publish,publish,106,793,1919,2.419,789,802,1910,1946,792,1925,2.432,786,800,1918,1940,780,1757,2.254,775,786,1750,1770,788,1773,2.250,782,807,1763,1791,10,0,1244,0,22,0,2500,0
multi_abi_package-1.0.0-cp314-cp314t.abi3-manylinux_2_17_x86_64.whl.multi_abi_package-1.0.0.dist-info__WHEEL-wheel,wheel,136,854,1625,1.903,844,860,1610,1665,854,1646,1.929,848,859,1633,1655,767,1403,1.830,763,778,1391,1420,763,1396,1.829,759,792,1387,1414,17,1,1381,128,32,1,3313,128
ok-1.0.0-py3-none-any.whl.ok-1.0.0.dist-info__METADATA-resolution,resolution,69,406,893,2.199,404,420,888,917,406,889,2.190,403,407,884,898,377,793,2.104,375,379,787,802,385,800,2.078,383,391,795,805,8,0,572,0,17,0,1520,0
ok-1.0.0-py3-none-any.whl.ok-1.0.0.dist-info__METADATA-publish,publish,69,751,1859,2.477,746,755,1851,1874,751,1860,2.477,743,784,1844,1939,750,1733,2.312,744,755,1717,1757,754,1742,2.310,749,762,1736,1760,10,0,1199,0,22,0,2464,0
ok-1.0.0-py3-none-any.whl.ok-1.0.0.dist-info__WHEEL-wheel,wheel,87,687,1255,1.827,681,697,1249,1297,684,1261,1.844,678,694,1252,1266,599,1033,1.723,596,602,1023,1041,619,1040,1.681,614,627,1032,1045,15,0,1207,0,27,0,2752,0
ok-2.0.0-py3-none-any.whl.ok-2.0.0.dist-info__METADATA-resolution,resolution,69,408,896,2.194,405,412,891,908,404,895,2.216,402,419,885,982,377,793,2.100,374,380,788,799,386,797,2.065,383,390,790,802,8,0,572,0,17,0,1520,0
ok-2.0.0-py3-none-any.whl.ok-2.0.0.dist-info__METADATA-publish,publish,69,759,1865,2.458,750,770,1851,1892,751,1868,2.486,745,784,1846,1963,745,1721,2.309,740,751,1715,1731,753,1736,2.307,748,759,1728,1743,10,0,1199,0,22,0,2464,0
ok-2.0.0-py3-none-any.whl.ok-2.0.0.dist-info__WHEEL-wheel,wheel,87,684,1255,1.835,677,715,1247,1268,685,1276,1.864,676,726,1248,1340,599,1036,1.728,596,603,1030,1043,626,1034,1.652,620,630,1029,1044,15,0,1207,0,27,0,2752,0
simple_launcher-0.1.0-py3-none-any.whl.simple_launcher-0.1.0.dist-info__METADATA-resolution,resolution,247,689,1825,2.648,682,695,1806,1875,679,1805,2.657,672,708,1791,1853,642,1610,2.506,636,646,1600,1625,642,1612,2.512,636,648,1605,1628,8,2,975,384,17,2,1914,384
simple_launcher-0.1.0-py3-none-any.whl.simple_launcher-0.1.0.dist-info__METADATA-publish,publish,247,1491,4228,2.836,1478,1527,4207,4294,1475,4207,2.852,1465,1520,4185,4340,1442,3879,2.690,1428,1546,3812,4166,1431,3834,2.680,1423,1439,3821,3867,18,2,2085,384,42,2,4662,384
simple_launcher-0.1.0-py3-none-any.whl.simple_launcher-0.1.0.dist-info__WHEEL-wheel,wheel,88,688,1243,1.805,680,701,1235,1281,679,1240,1.826,672,692,1229,1267,601,1049,1.746,596,608,1045,1062,627,1042,1.661,621,636,1032,1051,15,0,1208,0,27,0,2753,0
tqdm-1000.0.0-py3-none-any.whl.tqdm-1000.0.0.dist-info__METADATA-resolution,resolution,383,779,2372,3.047,768,790,2347,2429,768,2378,3.098,757,794,2333,2454,730,2086,2.856,722,742,2076,2147,741,2090,2.820,728,747,2086,2099,8,2,967,384,17,2,1907,384
tqdm-1000.0.0-py3-none-any.whl.tqdm-1000.0.0.dist-info__METADATA-publish,publish,383,1923,5675,2.951,1911,1956,5642,5731,1910,5642,2.954,1896,1975,5591,5818,1793,5146,2.871,1785,1804,5112,5221,1827,5133,2.810,1815,1842,5127,5161,22,2,2262,384,55,2,5920,384
tqdm-1000.0.0-py3-none-any.whl.tqdm-1000.0.0.dist-info__WHEEL-wheel,wheel,88,691,1248,1.805,682,733,1235,1882,696,1249,1.794,675,725,1224,1413,603,1035,1.717,597,613,1027,1041,625,1042,1.669,619,631,1037,1049,15,0,1208,0,27,0,2753,0
tqdm-4.66.1-py3-none-manylinux_2_12_x86_64.manylinux2010_x86_64.musllinux_1_1_x86_64.whl.tqdm-4.66.1.dist-info__METADATA-resolution,resolution,3633,4471,18398,4.115,4417,4525,18320,19437,4424,18492,4.180,4345,4661,18352,18876,4165,16564,3.977,4116,4524,16493,17632,4138,16520,3.992,4109,4161,16489,16673,22,6,5102,4064,67,6,10663,4064
tqdm-4.66.1-py3-none-manylinux_2_12_x86_64.manylinux2010_x86_64.musllinux_1_1_x86_64.whl.tqdm-4.66.1.dist-info__METADATA-publish,publish,3633,14487,42282,2.919,14362,15370,42069,49178,14593,43029,2.949,14501,15128,42641,44362,12065,38372,3.180,11753,12565,37348,45341,11772,37445,3.181,11675,11911,37251,38108,96,10,10181,5504,336,10,40276,5504
tqdm-4.66.1-py3-none-manylinux_2_12_x86_64.manylinux2010_x86_64.musllinux_1_1_x86_64.whl.tqdm-4.66.1.dist-info__WHEEL-wheel,wheel,92,673,1228,1.824,669,681,1212,1247,673,1219,1.810,663,704,1208,1258,598,1015,1.699,593,615,1008,1056,623,1024,1.643,619,631,1021,1030,15,0,1211,0,27,0,2756,0
tqdm-999.0.0.tar.gz.tqdm-999.0.0__PKG-INFO-resolution,resolution,1330,1094,4471,4.088,1080,1106,4445,4520,1069,4448,4.159,1050,1103,4401,4604,1013,4046,3.995,1004,1021,3998,4063,1019,3998,3.924,1009,1030,3981,4018,8,3,1472,896,17,3,2416,896
tqdm-999.0.0.tar.gz.tqdm-999.0.0__PKG-INFO-publish,publish,1330,3495,10893,3.117,3477,3576,10839,11059,3518,10881,3.093,3496,3633,10812,11338,3191,9909,3.106,3163,3220,9874,10023,3235,9971,3.083,3207,3262,9921,10019,33,5,3982,1184,93,5,11176,1184
validation-1.0.0-py3-none-any.whl.validation-1.0.0.dist-info__METADATA-resolution,resolution,77,420,936,2.228,417,423,929,942,422,938,2.223,418,444,926,995,389,812,2.085,386,395,807,923,397,823,2.074,393,400,815,833,8,0,580,0,17,0,1522,0
validation-1.0.0-py3-none-any.whl.validation-1.0.0.dist-info__METADATA-publish,publish,77,765,1899,2.483,759,783,1886,1967,772,1894,2.455,754,799,1881,1995,755,1743,2.309,750,762,1734,1781,763,1756,2.303,758,766,1751,1762,10,0,1207,0,22,0,2466,0
validation-1.0.0-py3-none-any.whl.validation-1.0.0.dist-info__WHEEL-wheel,wheel,87,676,1246,1.843,671,684,1232,1258,678,1288,1.900,666,708,1266,1312,596,1035,1.737,590,613,1022,1070,631,1038,1.646,623,640,1032,1043,15,0,1207,0,27,0,2752,0
validation-2.0.0-py3-none-any.whl.validation-2.0.0.dist-info__METADATA-resolution,resolution,74,417,925,2.217,415,421,915,939,417,925,2.218,414,428,917,966,385,816,2.118,382,408,802,829,392,806,2.056,389,395,801,812,8,0,577,0,17,0,1522,0
validation-2.0.0-py3-none-any.whl.validation-2.0.0.dist-info__METADATA-publish,publish,74,761,1877,2.466,757,768,1865,1934,753,1867,2.480,750,789,1860,1903,756,1731,2.289,750,763,1721,1871,772,1736,2.249,767,781,1731,1742,10,0,1204,0,22,0,2466,0
validation-2.0.0-py3-none-any.whl.validation-2.0.0.dist-info__WHEEL-wheel,wheel,87,683,1257,1.840,673,730,1234,1502,672,1269,1.890,667,678,1260,1276,600,1037,1.730,595,605,1029,1048,627,1043,1.664,622,631,1036,1056,15,0,1207,0,27,0,2752,0
validation-3.0.0-py3-none-any.whl.validation-2.0.0.dist-info__METADATA-resolution,resolution,74,421,928,2.205,414,462,918,944,417,919,2.205,414,418,915,930,386,803,2.081,384,391,799,824,389,808,2.078,387,392,803,813,8,0,577,0,17,0,1522,0
validation-3.0.0-py3-none-any.whl.validation-2.0.0.dist-info__METADATA-publish,publish,74,758,1880,2.479,754,766,1871,1908,755,1867,2.474,751,760,1861,1879,760,1752,2.305,752,802,1739,1825,758,1738,2.292,756,765,1734,1746,10,0,1204,0,22,0,2466,0
validation-3.0.0-py3-none-any.whl.validation-2.0.0.dist-info__WHEEL-wheel,wheel,87,677,1248,1.842,670,701,1239,1281,674,1268,1.882,669,679,1253,1280,601,1037,1.725,597,720,1029,1106,619,1039,1.678,614,626,1034,1046,15,0,1207,0,27,0,2752,0
validation-3.0.0-py3-none-any.whl.validation-3.0.0.dist-info__METADATA-resolution,resolution,74,419,929,2.217,414,447,918,955,418,923,2.211,414,424,917,968,385,810,2.102,382,389,802,828,393,809,2.062,389,395,804,816,8,0,577,0,17,0,1522,0
validation-3.0.0-py3-none-any.whl.validation-3.0.0.dist-info__METADATA-publish,publish,74,760,1890,2.486,755,766,1864,1910,753,1875,2.490,748,780,1864,1967,761,1751,2.301,755,772,1738,1802,759,1743,2.298,753,764,1737,1811,10,0,1204,0,22,0,2466,0
validation-3.0.0-py3-none-any.whl.validation-3.0.0.dist-info__WHEEL-wheel,wheel,87,676,1254,1.854,671,682,1232,1264,679,1269,1.870,669,699,1254,1344,603,1041,1.727,596,611,1032,1056,626,1039,1.659,622,633,1034,1049,15,0,1207,0,27,0,2752,0
wheel_tag_test-0.1.0-py3-none-win_amd64.whl.wheel_tag_test-0.1.0.dist-info__METADATA-resolution,resolution,164,554,1417,2.559,545,590,1379,1482,548,1382,2.524,546,556,1370,1402,520,1216,2.340,513,525,1206,1235,525,1211,2.308,521,529,1208,1226,8,1,715,128,17,1,1654,128
wheel_tag_test-0.1.0-py3-none-win_amd64.whl.wheel_tag_test-0.1.0.dist-info__METADATA-publish,publish,164,1112,3070,2.760,1087,1139,3027,3192,1076,2997,2.786,1067,1126,2966,3094,1069,2748,2.570,1064,1077,2735,2769,1067,2728,2.558,1060,1073,2723,2749,14,1,1589,128,32,1,3469,128
wheel_tag_test-0.1.0-py3-none-win_amd64.whl.wheel_tag_test-0.1.0.dist-info__WHEEL-wheel,wheel,87,691,1274,1.844,670,709,1234,1307,673,1267,1.884,665,682,1257,1306,601,1037,1.726,598,604,1031,1048,629,1039,1.651,624,635,1033,1042,15,0,1207,0,27,0,2752,0
black-24.8.0.PKG-INFO-resolution,resolution,78181,3926,12857,3.275,3826,4019,12662,13201,4013,13086,3.261,3925,4085,12779,13325,3620,11441,3.160,3596,3655,11363,11507,3604,11361,3.153,3587,3648,11315,11475,27,6,3495,2208,87,6,10977,2208
black-24.8.0.PKG-INFO-publish,publish,78181,13584,29532,2.174,13242,13757,28621,30308,13390,29276,2.186,13228,13994,28711,31331,12961,26789,2.067,12759,13227,26565,27286,12816,26700,2.083,12571,13039,26321,27157,63,8,82149,2496,201,8,99194,2496
dependencies-10,resolution,636,2081,5210,2.504,2033,2155,4992,5383,2031,4999,2.461,1981,2120,4961,5160,1882,4534,2.410,1864,1905,4518,4565,1886,4537,2.405,1872,1909,4522,4552,17,4,1669,672,53,4,6142,672
dependencies-100,resolution,6036,19844,47838,2.411,19412,21384,46496,51006,18902,45395,2.402,18817,19570,45114,46317,14282,37955,2.658,14194,14829,37623,38199,14382,37474,2.606,14253,14518,37350,37604,107,10,11901,6944,413,10,50934,6944
dependencies-1000,resolution,60936,183310,454676,2.480,180772,187587,447612,466072,180097,446954,2.482,175149,185505,439610,462572,152237,384083,2.523,151453,154296,381402,390744,153163,381509,2.491,152144,155069,380702,383034,1007,16,102577,57120,4013,16,487210,57120
folds,publish,5346,33897,96247,2.839,33238,35091,93796,99781,32653,94169,2.884,31754,34177,91680,96865,31250,84677,2.710,30985,31472,84405,85516,30863,84322,2.732,30701,31091,84161,84658,109,310,15338,13244,818,510,106088,38844
encoded-words,publish,5446,78061,134044,1.717,76551,88059,128505,143181,77306,128563,1.663,74822,79222,125846,130461,71983,117347,1.630,71612,77796,116343,118292,71546,116526,1.629,71415,71875,116200,116890,709,110,14338,7744,1018,210,69488,20544
